0,1,2,3,4,5,6,7,8,9
"('5 <= 0.00', -0.030783487684381067)","('38 <= 0.00', 0.019468420052522174)","('49 <= 0.00', 0.01930011818445814)","('12 <= 0.00', 0.019037464800028145)","('32 <= 0.00', 0.018636764191898882)","('59 <= 0.00', 0.017352833928507776)","('39 <= 0.00', 0.01665213667735448)","('0 <= 0.00', 0.015945410460128474)","('21 <= 0.00', 0.015886409631984667)","('52 <= 0.00', -0.014640639329058423)"
"('6 <= 0.00', 0.02701683293454874)","('31 <= 0.00', 0.021796933465277685)","('32 <= 0.00', -0.019376962009576754)","('7 <= 0.00', -0.01910967849022546)","('25 <= 0.00', 0.018367421462990356)","('49 <= 0.00', 0.017838942209169498)","('44 <= 0.00', -0.017251895114772053)","('4 <= 0.00', -0.01626365347786192)","('42 <= 0.00', -0.015438096883178268)","('23 <= 0.00', -0.014535769149676107)"
"('13 <= 0.00', -0.032464030524430476)","('40 <= 0.00', -0.026165564395937486)","('41 <= 0.00', -0.021764792738600856)","('49 <= 0.00', 0.01835984232827226)","('23 <= 0.00', 0.01673453319788374)","('25 <= 0.00', 0.014269270393792895)","('46 <= 0.00', -0.013469327477557297)","('34 <= 0.00', 0.013216746794967276)","('0 <= 0.00', -0.012453177570599269)","('29 <= 0.00', -0.011853625568290163)"
"('17 <= 0.00', 0.017976418743017867)","('27 <= 0.00', -0.01730550180390176)","('14 <= 0.00', 0.01726814997497557)","('29 <= 0.00', -0.01631507403640369)","('36 <= 0.00', 0.01583503812179141)","('44 <= 0.00', 0.015606576852217863)","('24 <= 0.00', -0.014882652572225031)","('16 <= 0.00', -0.014167251060804128)","('5 <= 0.00', -0.013056345244406893)","('20 <= 0.00', 0.012916203419548928)"
"('0 <= 0.00', 0.025096414031309924)","('16 <= 0.00', 0.02182733482249143)","('22 <= 0.00', 0.02099172921008431)","('7 <= 0.00', -0.018824889537612462)","('33 <= 0.00', 0.01868451151700488)","('50 <= 0.00', 0.01637163029036463)","('68 <= 0.00', -0.016275219964596337)","('1 <= 0.00', -0.01409584220077743)","('25 <= 0.00', -0.013886952177334185)","('42 <= 0.00', 0.013247227466379189)"
"('7 <= 0.00', -0.027761428651329453)","('10 <= 0.00', 0.02278007071836227)","('26 <= 0.00', 0.021715564382975366)","('14 <= 0.00', -0.018395142944084186)","('8 <= 0.00', -0.018139455298138124)","('47 <= 0.00', 0.017171858891600025)","('35 <= 0.00', 0.01626806462933044)","('24 <= 0.00', 0.015281731074420922)","('21 <= 0.00', 0.014612792711332506)","('68 <= 0.00', -0.014188141651223741)"
"('8 <= 0.00', 0.025491477886126882)","('57 <= 0.00', -0.022494339113136735)","('2 <= 0.00', 0.020462243395324004)","('32 <= 0.00', -0.019560375553092386)","('9 <= 0.00', 0.01849711669320901)","('29 <= 0.00', 0.018248106205197703)","('25 <= 0.00', -0.017388163855738693)","('58 <= 0.00', 0.01664666505921702)","('63 <= 0.00', 0.014073520649575906)","('39 <= 0.00', 0.01184826538121288)"
"('18 > 0.00', 0.031513910209656895)","('24 > 0.00', -0.025036133588002232)","('52 > 0.00', -0.017108472526806532)","('51 > 0.00', -0.01608656518899388)","('33 > 0.00', -0.01528296383518195)","('5 > 0.00', 0.015239755104958735)","('58 > 0.00', -0.015161698648353978)","('16 > 0.00', -0.01407510016180021)","('19 > 0.00', -0.01307314867137034)","('29 > 0.00', 0.010501224439508152)"
"('11 <= 0.00', -0.02330660462620317)","('36 <= 0.00', 0.020948945101828587)","('13 <= 0.00', 0.01922256737055719)","('61 <= 0.00', 0.016737038480867213)","('99 <= 50.50', 0.01524214773554989)","('34 <= 0.00', 0.01469614408875699)","('7.00 < 91 <= 291.25', 0.01456891644032147)","('97 <= 33.50', 0.013978154096638907)","('19 <= 0.00', 0.013919743422210806)","('30 <= 0.00', -0.012943564302569254)"
"('1 <= 0.00', 0.03018364059141119)","('13 <= 0.00', 0.02130548814081699)","('58 <= 0.00', -0.01857488584062855)","('17 <= 0.00', -0.01758258640833656)","('19 <= 0.00', 0.015784296913412002)","('44 <= 0.00', -0.015634269662429097)","('36 <= 0.00', -0.014463558984993598)","('59 <= 0.00', -0.014061445328791245)","('7 <= 0.00', 0.014012991543566798)","('27 <= 0.00', -0.013220071597131823)"
"('0 <= 0.00', -0.029180733060509636)","('13 <= 0.00', 0.027077870678395163)","('24 <= 0.00', 0.02056939103639026)","('43 <= 0.00', 0.02039635212669898)","('6 <= 0.00', -0.019663744683675224)","('31 <= 0.00', 0.01687350637410778)","('48 <= 0.00', -0.0162633381284873)","('12 <= 0.00', 0.014984714547112041)","('76 <= 0.00', 0.014395387962160352)","('23 <= 0.00', -0.013660159051713716)"
"('28 <= 0.00', -0.024877721481050174)","('32 <= 0.00', 0.021195215519112198)","('10 <= 0.00', 0.020436507073536423)","('35 <= 0.00', 0.01967634377609263)","('8 <= 0.00', 0.018832477996158115)","('6 <= 0.00', 0.018367388596960743)","('57 <= 0.00', -0.016984073805548727)","('2 <= 0.00', -0.016913360962707197)","('31 <= 0.00', 0.01607080644507515)","('33 <= 0.00', -0.014501432044213168)"
"('43 <= 0.00', 0.023123089752762043)","('7 <= 0.00', -0.021858792713958783)","('11 <= 0.00', 0.021232701089737453)","('41 <= 0.00', 0.020876202872474228)","('40 <= 0.00', -0.01572457572324788)","('16 <= 0.00', -0.015430722414030793)","('36 <= 0.00', -0.015360574127252922)","('13 <= 0.00', 0.014154900471122962)","('4.75 < 95 <= 80.50', 0.013198668803895036)","('21 <= 0.00', 0.011853140883005108)"
"('28 <= 0.00', -0.0330273077293341)","('3 <= 0.00', 0.021846400412682654)","('5 <= 0.00', -0.0181823793876552)","('33 <= 0.00', 0.01787595096471385)","('11 <= 0.00', 0.01706929861561494)","('21 <= 0.00', 0.017063402792002837)","('12 <= 0.00', -0.016941323924580618)","('34 <= 0.00', 0.016606151367662168)","('39 <= 0.00', 0.01518267673958051)","('22 <= 0.00', 0.013592807423220703)"
"('56 <= 0.00', 0.023848981144634903)","('10 <= 0.00', 0.022081072437177374)","('43 <= 0.00', 0.022004807578094115)","('42 <= 0.00', 0.021205574201457387)","('34 <= 0.00', -0.019994875756945075)","('40 <= 0.00', -0.019698850123790048)","('0 <= 0.00', 0.018308713270853306)","('8 <= 0.00', 0.0180244128425765)","('30 <= 0.00', 0.0168109800606154)","('41 <= 0.00', -0.016695840151687083)"
"('12 <= 0.00', 0.026023318536491886)","('55 <= 0.00', 0.019414609885062342)","('7 <= 0.00', -0.018052795852756882)","('59 <= 0.00', 0.017405561380431867)","('33 <= 0.00', 0.01617038623167474)","('17 <= 0.00', 0.015437842106745486)","('9 <= 0.00', 0.014027402040869106)","('18 <= 0.00', 0.01396021582639133)","('71 <= 0.00', 0.013649565830173618)","('31 <= 0.00', 0.012098368787650637)"
"('9 <= 0.00', 0.017475787237736976)","('3 <= 0.00', 0.0166776083341493)","('6 <= 0.00', 0.016197349439775445)","('32 <= 0.00', 0.01590066776446174)","('45 <= 0.00', 0.015420987757777001)","('20 <= 0.00', -0.014919445424744866)","('99 <= 50.50', 0.01483772091191393)","('18 <= 0.00', -0.014649145999369229)","('13 <= 0.00', 0.01431907715887448)","('31 <= 0.00', 0.013870807626940115)"
"('5 <= 0.00', -0.027731089120630992)","('57 <= 0.00', -0.022372357340039825)","('8 <= 0.00', 0.02014129947676892)","('17 <= 0.00', -0.019120403067798754)","('23 <= 0.00', -0.018423642044613265)","('42 <= 0.00', 0.015037185453260238)","('10 <= 0.00', 0.01481186611030409)","('34 <= 0.00', 0.013716767868328908)","('184.50 < 98 <= 833.75', -0.013528876235845344)","('60 <= 0.00', 0.012443364205441627)"
"('6 <= 0.00', -0.042637860567404304)","('41 <= 0.00', -0.029893873331103746)","('35 <= 0.00', -0.02528674719415032)","('99 <= 50.50', 0.01969345406076415)","('15 <= 0.00', -0.018510701683921552)","('19 <= 0.00', -0.018086168175061673)","('22 <= 0.00', -0.01780085145021875)","('16 <= 0.00', -0.016098408755844857)","('11 <= 0.00', 0.015321025102295707)","('10 <= 0.00', 0.01439019991537926)"
"('22 <= 0.00', 0.02271408635428729)","('18 <= 0.00', -0.02008706288606679)","('31 <= 0.00', 0.0193126561830093)","('21 <= 0.00', 0.018851300289427945)","('19 <= 0.00', 0.018848260482390092)","('12 <= 0.00', -0.018822988384188333)","('39 <= 0.00', 0.017651470183684258)","('47 <= 0.00', 0.01605028546643562)","('49 <= 0.00', 0.016001638796944936)","('36 <= 0.00', 0.014136729504984936)"
"('12 <= 0.00', -0.021251818860188558)","('8 <= 0.00', 0.019800137527636836)","('30 <= 0.00', -0.01853619368263522)","('6 <= 0.00', 0.01677695692943326)","('0.00 < 89 <= 80.75', 0.014527364874179717)","('2 <= 0.00', -0.014030039874506996)","('42 <= 0.00', 0.01353503043788408)","('46 <= 0.00', -0.012922078822157308)","('45 <= 0.00', 0.012751763212808197)","('14 <= 0.00', 0.011637854999920426)"
"('51 <= 0.00', -0.028518392521548103)","('1 <= 0.00', 0.024473577870413023)","('22 <= 0.00', -0.022829144381735705)","('23 <= 0.00', -0.022536207827206722)","('7 <= 0.00', -0.01931981147172937)","('41 <= 0.00', 0.017899784081876445)","('15 <= 0.00', 0.017304898547693768)","('3 <= 0.00', -0.016709276081242806)","('39 <= 0.00', 0.014845782200629314)","('49 <= 0.00', 0.014141131650180468)"
"('2 <= 0.00', 0.02172014284873108)","('33 <= 0.00', -0.019824795759781143)","('18 <= 0.00', -0.016013221241421467)","('36 <= 0.00', 0.01576949211486441)","('3 <= 0.00', -0.015504952399449979)","('38 <= 0.00', -0.01548599192011537)","('17 <= 0.00', 0.015139051701865197)","('53 <= 0.00', 0.014618043019742653)","('11 <= 0.00', 0.01336137538664435)","('9 <= 0.00', 0.012553103342077473)"
"('1 <= 0.00', -0.03438387999846319)","('12 <= 0.00', -0.028362521519990476)","('7 <= 0.00', -0.024358375654946134)","('10 <= 0.00', -0.022802207258141007)","('6 <= 0.00', 0.021696202462033888)","('23 <= 0.00', -0.0191501101415273)","('61 <= 0.00', -0.017549104287826824)","('13 <= 0.00', -0.016143600992066645)","('14 <= 0.00', 0.015517830708536868)","('33 <= 0.00', -0.014790422477521865)"
"('26 <= 0.00', 0.022723876139209353)","('45 <= 0.00', -0.021436543633722625)","('0.00 < 93 <= 16.00', 0.020484436625748444)","('55 <= 0.00', -0.019218283469566954)","('38 <= 0.00', 0.018550847756657655)","('8 <= 0.00', 0.017580696555986992)","('4 <= 0.00', -0.01578568287890777)","('27 <= 0.00', 0.013910437530736553)","('20 <= 0.00', -0.012682050799307298)","('33 <= 0.00', -0.012309425710758031)"
"('5 <= 0.00', -0.049592005270325895)","('4 <= 0.00', -0.03684612797213611)","('10 <= 0.00', 0.029042074696421474)","('56 <= 0.00', 0.021499665245152014)","('6 <= 0.00', 0.01759118975463997)","('48 <= 0.00', 0.01689722183388312)","('21 <= 0.00', -0.01669242488195743)","('43 <= 0.00', 0.015068025019858346)","('60 <= 0.00', 0.013920793654311373)","('50 <= 0.00', 0.013601996472473288)"
"('2 <= 0.00', -0.03590976098176952)","('21 <= 0.00', 0.01964410392435629)","('40 <= 0.00', -0.018848155240538778)","('28 <= 0.00', 0.01857803871683672)","('29 <= 0.00', -0.017214455574381875)","('49 <= 0.00', 0.015998071948514297)","('38 <= 0.00', 0.015558767623633122)","('50 <= 0.00', 0.015250378945543555)","('26 <= 0.00', -0.015210676814753748)","('1 <= 0.00', 0.01481372589418316)"
"('17 > 0.00', 0.019759756100407675)","('0 <= 0.00', 0.019752136161343862)","('22 > 0.00', -0.016776816873812526)","('27 > 0.00', 0.016148678330477652)","('44 > 0.00', 0.01551907444178462)","('13 <= 0.00', -0.014371197653914902)","('45 > 0.00', -0.014042342653342286)","('4 <= 0.00', 0.0126885181970273)","('12 <= 0.00', -0.012433911643726479)","('11 <= 0.00', -0.01170828843826326)"
"('35 <= 0.00', 0.020433212023718922)","('15 <= 0.00', -0.019411741728582954)","('46 <= 0.00', 0.016965811331320073)","('26 <= 0.00', -0.01623805944982639)","('4.75 < 95 <= 80.50', 0.01567009095004699)","('1 <= 0.00', 0.0146820171781447)","('51 <= 0.00', -0.014166551386997859)","('34 <= 0.00', 0.013512117361217093)","('33 <= 0.00', -0.013226325263894754)","('57 <= 0.00', -0.01297034544149864)"
"('62 <= 0.00', 0.025425006730106055)","('2 <= 0.00', 0.022600059601222897)","('0.00 < 94 <= 46.50', 0.021451633595531292)","('21 <= 0.00', 0.02065029078047687)","('7 <= 0.00', 0.0192021232601922)","('28 <= 0.00', -0.018627239816317538)","('12 <= 0.00', 0.016406344092452233)","('13 <= 0.00', 0.015875070376652957)","('46 <= 0.00', -0.014782351920525579)","('14 <= 0.00', 0.010495335933376222)"
"('4 <= 0.00', -0.024441908436293493)","('28 <= 0.00', -0.02072526519126251)","('18 <= 0.00', -0.017066732921071227)","('41 <= 0.00', -0.016755651768201568)","('27 <= 0.00', -0.016703030277839103)","('22 <= 0.00', -0.015656475045721145)","('45 <= 0.00', 0.015446800318870108)","('24 <= 0.00', 0.01327144709809167)","('9 <= 0.00', 0.010980214185271838)","('30 <= 0.00', 0.010191705064755198)"
"('21 <= 0.00', -0.020765278282261528)","('12 <= 0.00', 0.0207105107205544)","('13 <= 0.00', 0.017562442137920752)","('8 <= 0.00', 0.016782642018953527)","('29 <= 0.00', -0.015683413743412703)","('99 <= 50.50', 0.01464233039119439)","('5 <= 0.00', -0.013589824734223589)","('18 <= 0.00', -0.01348189634717567)","('10 <= 0.00', -0.013021551055494216)","('31 <= 0.00', 0.012368056980599722)"
"('5 <= 0.00', -0.026671841181138942)","('6 <= 0.00', 0.026486043054746857)","('0 <= 0.00', 0.024864249751863625)","('35 <= 0.00', -0.016204252301684444)","('8 <= 0.00', 0.01584759165872668)","('52 <= 0.00', 0.015626064122618424)","('39 <= 0.00', 0.01505915283555219)","('34 <= 0.00', -0.014373843697863108)","('2 <= 0.00', -0.013384119368861294)","('16 <= 0.00', 0.012508680876072872)"
"('1 <= 0.00', -0.028562022425197044)","('41 <= 0.00', -0.018646004551319144)","('62 <= 0.00', -0.01848460788507963)","('63 <= 0.00', -0.018189690347498507)","('26 <= 0.00', -0.017011399436322468)","('46 <= 0.00', 0.015847570669841486)","('40 <= 0.00', -0.015308101886125558)","('19 <= 0.00', 0.015132852564671503)","('23 <= 0.00', 0.013767615439530218)","('9 <= 0.00', 0.01334350132135453)"
"('9 <= 0.00', 0.02403358186471329)","('11 <= 0.00', 0.020736654401840925)","('41 <= 0.00', 0.02032938823499958)","('63 <= 0.00', 0.017728999791102942)","('0.00 < 87 <= 37.25', 0.017529133377822748)","('44 <= 0.00', 0.016524084315772833)","('97 <= 33.50', 0.014507336558890287)","('48 <= 0.00', 0.014072616606509082)","('43 <= 0.00', 0.013670982939666917)","('1 <= 0.00', -0.013354376036703582)"
"('3 <= 0.00', 0.029092016208449933)","('51 <= 0.00', 0.019774652003709432)","('10 <= 0.00', 0.01857801851409116)","('8 <= 0.00', -0.018032370829070995)","('23 <= 0.00', 0.01663295780243965)","('7 <= 0.00', 0.015925688520377675)","('30 <= 0.00', 0.015521896327333223)","('22 <= 0.00', 0.014985044253921219)","('31 <= 0.00', 0.014272105594563073)","('20 <= 0.00', 0.0138256947482479)"
"('33 <= 0.00', 0.02629318502292487)","('47 <= 0.00', 0.025036394389461473)","('30 <= 0.00', 0.024060736051071306)","('2 <= 0.00', 0.023218093486635803)","('8 <= 0.00', 0.01969544349796471)","('27 <= 0.00', 0.017078604832349385)","('12 <= 0.00', -0.017044651874140993)","('5 <= 0.00', 0.016452338947387644)","('22 <= 0.00', 0.01605000039478917)","('25 <= 0.00', 0.015165345710874216)"
"('2 <= 0.00', -0.024710771163440684)","('9 <= 0.00', -0.022158353626413586)","('53 <= 0.00', -0.021817413550003602)","('20 <= 0.00', 0.021243402521072)","('10 <= 0.00', 0.020187560210382018)","('62 <= 0.00', 0.017895011877018627)","('1 <= 0.00', -0.017595741330434296)","('3 <= 0.00', 0.016858187305405593)","('32 <= 0.00', 0.016644875787277684)","('37 <= 0.00', 0.015945693379498325)"
"('6 <= 0.00', 0.03301017140173429)","('40 <= 0.00', -0.026270097531319578)","('47 <= 0.00', -0.01984442316845247)","('18 <= 0.00', -0.01893962435691772)","('69 <= 0.00', 0.01729514979737887)","('8 <= 0.00', 0.017057762245660947)","('51 <= 0.00', 0.016883981334273906)","('27 <= 0.00', -0.014648347021017204)","('25 <= 0.00', -0.014606121901244292)","('11 <= 0.00', -0.014011467476476589)"
"('39 <= 0.00', 0.02325167741505922)","('2 <= 0.00', -0.022457217737728654)","('37 <= 0.00', 0.021991813457555045)","('29 <= 0.00', -0.0216748410807092)","('9 <= 0.00', 0.02118748217798704)","('5 <= 0.00', -0.021157759849896127)","('0.00 < 91 <= 7.00', -0.02012659511946553)","('23 <= 0.00', 0.01815098668846967)","('20 <= 0.00', -0.017332803705309065)","('18 <= 0.00', -0.016754579587444907)"
"('16 <= 0.00', -0.018336715234925433)","('56 <= 0.00', 0.01741720121027345)","('26 <= 0.00', 0.017409521529275537)","('4 <= 0.00', 0.01715178805641118)","('39 <= 0.00', 0.016757483593221295)","('35 <= 0.00', -0.01458319573670442)","('7 <= 0.00', -0.014362478581977391)","('5 <= 0.00', 0.014225913726802791)","('6 <= 0.00', 0.013448857455803208)","('54 <= 0.00', 0.012351441480055608)"
"('12 <= 0.00', 0.02200246839022651)","('3 <= 0.00', 0.021325794935302546)","('67 <= 0.00', -0.02009243400261638)","('37 <= 0.00', 0.01879413404175266)","('24 <= 0.00', 0.017432642789712797)","('5 <= 0.00', -0.016641842393459554)","('31 <= 0.00', 0.015589010355940347)","('207.00 < 99 <= 655.00', -0.014782936962150271)","('10 <= 0.00', -0.014517239393436354)","('29 <= 0.00', -0.014008051550785829)"
"('6 <= 0.00', 0.02807289871113064)","('18 <= 0.00', 0.023932889557447455)","('61 <= 0.00', -0.023891064485100283)","('5 <= 0.00', -0.022574012370314457)","('36 <= 0.00', 0.01897701718944566)","('67 <= 0.00', 0.01654450060469072)","('41 <= 0.00', -0.01646453089249337)","('97 <= 33.50', 0.016299896793614516)","('75 <= 0.00', -0.014862570197697607)","('0.00 < 90 <= 99.25', 0.014101617936060913)"
"('2 <= 0.00', 0.02638963588090529)","('40 <= 0.00', -0.0169011378153158)","('37 <= 0.00', 0.016635158745392578)","('10 <= 0.00', 0.01637986697404601)","('57 <= 0.00', -0.015611912503076272)","('22 <= 0.00', -0.015494882641727268)","('48 <= 0.00', -0.015328759442391964)","('0.00 < 93 <= 16.00', 0.014975048795530741)","('35 <= 0.00', 0.013729708559757163)","('5 <= 0.00', -0.01358213154186094)"
"('22 <= 0.00', 0.025339044244962822)","('35 <= 0.00', 0.019091274418037756)","('40 <= 0.00', -0.018267903766445825)","('0 <= 0.00', -0.01795446936322663)","('51 <= 0.00', 0.01703670878415072)","('99 <= 50.50', 0.016414813992357294)","('55 <= 0.00', 0.01633712157076505)","('2 <= 0.00', 0.016119393394592813)","('8 <= 0.00', 0.015658284375205382)","('31 <= 0.00', 0.012551351874992846)"
"('39 <= 0.00', -0.021573572476625932)","('40 <= 0.00', -0.01757761306025479)","('36 <= 0.00', 0.016836598780662206)","('3 <= 0.00', 0.01625909912869534)","('30 <= 0.00', -0.01601801250486654)","('1 <= 0.00', -0.015541737371811673)","('17 <= 0.00', -0.01451922450690607)","('29 <= 0.00', 0.014149356752792447)","('20 <= 0.00', -0.013843264142069782)","('54 <= 0.00', 0.012128976691283261)"
"('12 <= 0.00', -0.020477172154910257)","('58 <= 0.00', 0.020276486339143793)","('17 <= 0.00', 0.016751267250543437)","('47 <= 0.00', -0.01566235011347209)","('22 <= 0.00', 0.01468007264284542)","('11 <= 0.00', 0.014381369094036157)","('1 <= 0.00', -0.013591039925251635)","('46 <= 0.00', -0.012244813233109265)","('5 <= 0.00', 0.011658726468693939)","('28 <= 0.00', -0.01095862221234511)"
"('27 <= 0.00', 0.021552230167140106)","('44 <= 0.00', 0.01957375418797153)","('46 <= 0.00', -0.0192690807937473)","('43 <= 0.00', 0.019006549959803547)","('42 <= 0.00', 0.018717781065972)","('24 <= 0.00', -0.01796943272579885)","('37 <= 0.00', -0.01685966919834217)","('23 <= 0.00', 0.015752527355042973)","('39 <= 0.00', 0.015399491988812707)","('19 <= 0.00', 0.014277124399318835)"
"('15 <= 0.00', -0.023844527727279956)","('5 <= 0.00', -0.021470759229281478)","('31 <= 0.00', -0.02107089792061316)","('61 <= 0.00', 0.019307837234862225)","('7 <= 0.00', 0.018150744044180368)","('1 <= 0.00', 0.015852996990480785)","('72 <= 0.00', 0.01577332525797629)","('4 <= 0.00', -0.014737931897149007)","('24 <= 0.00', -0.014525686297068052)","('94 > 261.75', -0.014081360185326627)"
"('18 <= 0.00', -0.02161896452802653)","('56 <= 0.00', 0.019573415385223093)","('14 <= 0.00', 0.017843734406896756)","('21 <= 0.00', 0.017090805002053334)","('34 <= 0.00', -0.016517746945539483)","('20 <= 0.00', 0.014853072393020663)","('30 <= 0.00', 0.014787387506542463)","('49 <= 0.00', 0.014740306744880522)","('46 <= 0.00', -0.01341855597668044)","('10 <= 0.00', -0.011721833727884769)"
"('31 <= 0.00', 0.024700184521385633)","('3 <= 0.00', 0.01973354373363836)","('0 <= 0.00', -0.01824284870258004)","('4 <= 0.00', 0.018192784628523796)","('59 <= 0.00', 0.01743279569863764)","('32 <= 0.00', -0.01618823011312507)","('35 <= 0.00', 0.01580600574856873)","('27 <= 0.00', 0.01402740343514043)","('17 <= 0.00', 0.01394620543509344)","('28 <= 0.00', -0.011870382854151318)"
"('0.00 < 89 <= 80.75', 0.021361358467563814)","('6 <= 0.00', 0.020889899204394942)","('44 <= 0.00', -0.019958792650101635)","('47 <= 0.00', 0.018473555211150502)","('14 <= 0.00', -0.01846901332997536)","('69 <= 0.00', 0.01804892968430543)","('28 <= 0.00', -0.0165716669729878)","('13 <= 0.00', 0.016123316796855393)","('63 <= 0.00', 0.015680530909783157)","('5 <= 0.00', 0.015481786440550522)"
"('21 <= 0.00', 0.025868256491156247)","('19 <= 0.00', 0.01812220148993865)","('99 <= 50.50', 0.018028820384071616)","('27 <= 0.00', 0.01797980371520768)","('31 <= 0.00', 0.017809634752691587)","('47 <= 0.00', 0.0171468005143512)","('33 <= 0.00', 0.016958870315881922)","('67 <= 0.00', -0.015029575203501464)","('22 <= 0.00', 0.014972462627774585)","('20 <= 0.00', 0.01451494172041279)"
"('13 <= 0.00', 0.025923787800583572)","('19 <= 0.00', 0.024679770714381034)","('4 <= 0.00', 0.020907628507293816)","('2 <= 0.00', 0.020461788370400514)","('27 <= 0.00', 0.020278530925570314)","('42 <= 0.00', 0.018452285709940036)","('32 <= 0.00', -0.016702761702282805)","('0 <= 0.00', -0.01569164464960721)","('39 <= 0.00', 0.015385642235236188)","('44 <= 0.00', 0.01409436947906565)"
"('10 <= 0.00', 0.026430237675420704)","('24 <= 0.00', 0.01825215726696994)","('15 <= 0.00', -0.01672052459060878)","('97 <= 33.50', 0.016328847247517264)","('34 <= 0.00', -0.014291228626870753)","('28 <= 0.00', -0.014249521679098955)","('25 <= 0.00', 0.013167258822691286)","('45 <= 0.00', -0.012179634200502857)","('40 <= 0.00', -0.011817593212519082)","('41 <= 0.00', 0.011309879598186669)"
"('14 <= 0.00', -0.0264453081702852)","('47 <= 0.00', 0.02631875638267566)","('33 <= 0.00', 0.023087478809962873)","('58 <= 0.00', 0.022599559555073655)","('22 <= 0.00', 0.022199970468354112)","('18 <= 0.00', -0.017606520305966433)","('11 <= 0.00', 0.015527323261128505)","('40 <= 0.00', 0.014450655333884415)","('12 <= 0.00', 0.01443068943686425)","('32 <= 0.00', 0.01287523121222582)"
"('7 <= 0.00', -0.02318312544425576)","('33 <= 0.00', 0.021016583014895365)","('3 <= 0.00', -0.018002663446336685)","('9 <= 0.00', 0.01737915939149654)","('32 <= 0.00', -0.01569566385978387)","('11 <= 0.00', 0.013764291112852291)","('18 <= 0.00', -0.013299395015562552)","('0.00 < 93 <= 16.00', 0.012873998317799788)","('29 <= 0.00', 0.012510383863775015)","('51 <= 0.00', -0.011466859608125978)"
"('7 > 0.00', -0.026073237816009752)","('4 > 0.00', -0.0238843239197542)","('18 > 0.00', 0.023431367842125305)","('19 > 0.00', -0.01848672057844009)","('42 > 0.00', 0.018331451493029807)","('24 > 0.00', -0.018314888765201712)","('21 > 0.00', -0.017763861112128597)","('22 > 0.00', -0.01629324264531182)","('23 > 0.00', -0.01335621575282556)","('5 > 0.00', 0.01263452567145382)"
"('12 <= 0.00', 0.0323492881454442)","('14 <= 0.00', -0.022680697183634416)","('8 <= 0.00', 0.022580588237813864)","('15 <= 0.00', -0.020682172051530345)","('10 <= 0.00', 0.020049256847475782)","('49 <= 0.00', -0.01946803692050627)","('29 <= 0.00', 0.0191059517191943)","('18 <= 0.00', 0.017889777287569)","('6 <= 0.00', -0.016910776241389487)","('7 <= 0.00', -0.016600754546324245)"
"('66 <= 0.00', 0.018782208535906442)","('8 <= 0.00', 0.01644178476186938)","('3 <= 0.00', -0.015347922672197985)","('17 <= 0.00', 0.015073784516446653)","('59 <= 0.00', 0.01414212865586822)","('52 <= 0.00', 0.013105278323752297)","('45 <= 0.00', 0.012633005188077607)","('20 <= 0.00', -0.012614282115222012)","('46 <= 0.00', -0.0126081567363289)","('9 <= 0.00', 0.011349067944591512)"
"('5 <= 0.00', -0.02924323879527338)","('37 <= 0.00', -0.021985789193545734)","('12 <= 0.00', 0.021424639081560764)","('75 <= 0.00', 0.019498092178156786)","('0 <= 0.00', -0.018761431940606435)","('32 <= 0.00', -0.018006301798151027)","('62 <= 0.00', 0.0172157671132488)","('10 <= 0.00', -0.016960544716101752)","('99 <= 50.50', 0.016644824279464836)","('38 <= 0.00', 0.016346691104313367)"
"('30 <= 0.00', 0.017778353902222745)","('10 <= 0.00', -0.01605958523347138)","('21 <= 0.00', 0.015983449536201042)","('63 > 0.00', -0.015452731247285523)","('15 <= 0.00', 0.015293781472734344)","('8 <= 0.00', 0.014387812193058446)","('75 > 0.00', -0.014059064591129143)","('1 <= 0.00', -0.013723216194808015)","('19 <= 0.00', 0.013676607643186397)","('13 <= 0.00', -0.012693445083050144)"
"('6 <= 0.00', -0.021958608895971947)","('19 <= 0.00', 0.021469788919395785)","('33 <= 0.00', 0.020192825854418298)","('12 <= 0.00', 0.019774621297653422)","('15 <= 0.00', -0.019192863883081106)","('97 <= 33.50', 0.01807748435796666)","('30 <= 0.00', 0.017520280379404753)","('5 <= 0.00', -0.015364412147342946)","('53 <= 0.00', 0.014200711273380186)","('2 <= 0.00', 0.01353717141114798)"
"('45 <= 0.00', 0.02489576397371454)","('33 <= 0.00', 0.02423441253642489)","('5 <= 0.00', -0.015974096526387607)","('48 <= 0.00', 0.012791259841286635)","('29 <= 0.00', 0.012612242662443169)","('49 <= 0.00', 0.012583364253090019)","('97 <= 33.50', 0.01252559074207306)","('30 <= 0.00', 0.012384035389940314)","('68 <= 0.00', -0.012263538231786853)","('14 <= 0.00', 0.0118408895670784)"
"('10 <= 0.00', 0.020404514960505604)","('18 <= 0.00', -0.020003234548300435)","('7 <= 0.00', 0.019254916719293313)","('0.00 < 91 <= 7.00', -0.017103183043034532)","('13 <= 0.00', 0.016820016369040684)","('65 <= 0.00', -0.016779084973604884)","('27 <= 0.00', -0.016450342679104356)","('70 <= 0.00', -0.016267166474265377)","('40 <= 0.00', -0.016118212635445175)","('57 <= 0.00', -0.014602998975389702)"
"('5 <= 0.00', -0.021866314568444803)","('34 <= 0.00', -0.019506136487082586)","('33 <= 0.00', -0.01818019252394122)","('22 <= 0.00', 0.016775392438174976)","('29 <= 0.00', 0.014226834937185852)","('13 <= 0.00', -0.01382875541748513)","('58 <= 0.00', 0.013363430228222067)","('6 <= 0.00', 0.012255736378349336)","('23 <= 0.00', 0.012170504253509693)","('97 <= 33.50', 0.011760515658128171)"
"('24 <= 0.00', 0.015826396098249474)","('0 <= 0.00', -0.01554492600483466)","('63 <= 0.00', -0.014565210910549867)","('33 <= 0.00', -0.01363179014948359)","('7 <= 0.00', 0.013219166524286109)","('0.00 < 94 <= 46.50', 0.01283712686020994)","('52 <= 0.00', 0.012563896599094909)","('2 <= 0.00', 0.012521939321829125)","('65 <= 0.00', 0.011896683842952022)","('27 <= 0.00', 0.011428467102427892)"
"('7 <= 0.00', 0.022284290243474884)","('40 <= 0.00', -0.018307911017977616)","('13 <= 0.00', 0.017593216987878597)","('56 <= 0.00', 0.01741520622315888)","('49 <= 0.00', 0.015842799371150563)","('45 <= 0.00', 0.014287183179049496)","('67 <= 0.00', 0.012379485185535794)","('18 <= 0.00', -0.011777744990259398)","('70 <= 0.00', -0.010921719198980915)","('10 <= 0.00', -0.010889799902081124)"
"('25 <= 0.00', 0.02922656734471859)","('30 <= 0.00', 0.019250694411270565)","('38 <= 0.00', -0.018597338082008162)","('20 <= 0.00', 0.017311608190618548)","('41 <= 0.00', -0.01655483986638376)","('56 <= 0.00', -0.016175529979111352)","('15 <= 0.00', 0.014125275146324143)","('52 <= 0.00', -0.012968041072018283)","('10 <= 0.00', 0.011930262480762127)","('94 > 261.75', -0.0115165823244488)"
"('51 <= 0.00', -0.02545893154341977)","('21 <= 0.00', 0.024022565064918303)","('5 <= 0.00', 0.023021419402125282)","('2 <= 0.00', 0.02109555451276931)","('6 <= 0.00', -0.018779376862102536)","('10 <= 0.00', 0.01659370430129398)","('31 <= 0.00', 0.01562954927349387)","('15 <= 0.00', 0.015297190616864168)","('16 <= 0.00', -0.014763068753768508)","('30 <= 0.00', -0.013621298258576177)"
"('59 <= 0.00', -0.02246516819259817)","('75 <= 0.00', -0.02047568171767483)","('5 <= 0.00', 0.02035002056672205)","('24 <= 0.00', 0.020172652381917063)","('19 <= 0.00', 0.020091178985709286)","('15 <= 0.00', 0.019028974446539004)","('28 <= 0.00', -0.018573724935212796)","('40 <= 0.00', -0.01846422294806722)","('56 <= 0.00', 0.017295696920363847)","('8 <= 0.00', 0.0160560875701014)"
"('8 <= 0.00', -0.032912252249519734)","('2 <= 0.00', 0.021777171020715563)","('10 <= 0.00', 0.02154324299785655)","('49 <= 0.00', 0.01922621023290018)","('35 <= 0.00', -0.018218888661468573)","('25 <= 0.00', -0.017576638398120775)","('64 <= 0.00', -0.017393037088299108)","('39 <= 0.00', 0.0165671535492047)","('34 <= 0.00', -0.015320484346448882)","('99 <= 50.50', 0.01479406363891221)"
"('2 <= 0.00', 0.027505461901083723)","('48 <= 0.00', 0.020468098831340837)","('0.00 < 94 <= 46.50', 0.018984006768253153)","('42 <= 0.00', 0.01886709340897333)","('44 <= 0.00', 0.01590418643718034)","('12 <= 0.00', 0.01516743757475335)","('97 <= 33.50', 0.015133093065303613)","('15 <= 0.00', -0.01479431857617145)","('0 <= 0.00', -0.012982544225501417)","('40 <= 0.00', -0.010872750494704347)"
"('40 <= 0.00', -0.023626398106627176)","('11 <= 0.00', -0.020876776238328024)","('1 <= 0.00', 0.01913147891210834)","('61 <= 0.00', -0.016439560628543192)","('28 <= 0.00', -0.016409423559020534)","('4.75 < 95 <= 80.50', 0.014534176060246942)","('33 <= 0.00', 0.01424510047100624)","('25 <= 0.00', -0.014173010274261606)","('13 <= 0.00', -0.013790205603753353)","('56 <= 0.00', -0.011739290722364317)"
"('29 <= 0.00', -0.019496861880360483)","('3 <= 0.00', -0.019303259193143556)","('25 <= 0.00', -0.019019670364846687)","('0 <= 0.00', -0.018846640157316474)","('10 <= 0.00', 0.01882750834337262)","('12 <= 0.00', 0.01853051063050826)","('34 <= 0.00', 0.01833746546861453)","('38 <= 0.00', -0.0177621468632008)","('43 <= 0.00', 0.01711699564628742)","('2 <= 0.00', 0.013985759857763857)"
"('2 <= 0.00', -0.02576142421925835)","('18 <= 0.00', -0.025661456494766414)","('34 <= 0.00', 0.021398833571652426)","('60 <= 0.00', -0.01864962092146604)","('46 <= 0.00', -0.01861704638106799)","('44 <= 0.00', 0.016892166731861405)","('33 <= 0.00', 0.01674100986037788)","('57 <= 0.00', -0.015767102708671692)","('14 <= 0.00', -0.013493592494781785)","('43 <= 0.00', 0.012506971157498903)"
"('19 <= 0.00', -0.023744653020935393)","('40 <= 0.00', -0.02160746062134515)","('54 <= 0.00', -0.018093176994150723)","('15 <= 0.00', -0.018070644960854722)","('2 <= 0.00', 0.018050646440713053)","('12 <= 0.00', -0.016197755925732884)","('25 <= 0.00', -0.015828553181714142)","('36 <= 0.00', 0.015711475509560334)","('39 <= 0.00', 0.01456207573042649)","('23 <= 0.00', -0.013230248467010606)"
"('5 <= 0.00', -0.027909080241142185)","('52 <= 0.00', 0.02092454806243557)","('27 <= 0.00', 0.019798992024173567)","('33 <= 0.00', 0.01851939177659139)","('25 <= 0.00', -0.017989932860022605)","('19 <= 0.00', -0.01644773668295729)","('15 <= 0.00', -0.01619678252940583)","('36 <= 0.00', -0.015980475115620698)","('35 <= 0.00', -0.015598258075248141)","('39 <= 0.00', 0.011299248200512958)"
"('3 <= 0.00', -0.027387344468577716)","('11 <= 0.00', 0.02303440158566074)","('8 <= 0.00', -0.02160699081353007)","('38 <= 0.00', -0.019673210306358574)","('24 <= 0.00', 0.016119013051653124)","('48 <= 0.00', -0.015426703542967912)","('14 <= 0.00', -0.01516258632592371)","('42 <= 0.00', -0.01430091510077637)","('34 <= 0.00', -0.013311817498797339)","('43 <= 0.00', -0.013147464373063616)"
"('52 <= 0.00', -0.021069810711638458)","('12 <= 0.00', 0.020777848665585436)","('59 <= 0.00', -0.019997899340658355)","('22 <= 0.00', 0.019580364171373096)","('6 <= 0.00', -0.01914772592913262)","('46 <= 0.00', -0.01752223654034914)","('30 <= 0.00', 0.01631549005233541)","('5 <= 0.00', -0.015353935685503943)","('31 <= 0.00', 0.013051576342309976)","('64 <= 0.00', -0.012016636037310001)"
"('17 <= 0.00', 0.026766161550024065)","('2 <= 0.00', 0.01888879606046175)","('14 <= 0.00', 0.017490775389836084)","('27 <= 0.00', 0.01732585735729616)","('8 <= 0.00', -0.016489514213583727)","('45 <= 0.00', 0.016101952247703277)","('26 <= 0.00', 0.01456582995210967)","('7 <= 0.00', -0.014085052369025962)","('10 <= 0.00', 0.013271691009706082)","('25 <= 0.00', -0.012448959989768303)"
"('30 <= 0.00', 0.023098852192468867)","('18 <= 0.00', -0.022825020112756337)","('27 <= 0.00', -0.02053545653630922)","('0 <= 0.00', 0.020395717840488974)","('4 <= 0.00', -0.01995710382758165)","('24 <= 0.00', -0.01989746803350512)","('64 <= 0.00', -0.018119596653436928)","('11 <= 0.00', 0.018056443988170193)","('2 <= 0.00', 0.016785507925757524)","('49 <= 0.00', 0.015488110333091434)"
"('1 <= 0.00', 0.02267420011965609)","('21 <= 0.00', 0.021214322863844712)","('7 <= 0.00', -0.020113789159643576)","('2 <= 0.00', -0.0193121182110131)","('11 <= 0.00', -0.01901125235460811)","('52 <= 0.00', 0.018379850036465008)","('53 <= 0.00', 0.016955621489614242)","('37 <= 0.00', 0.016720708173544294)","('68 <= 0.00', 0.016082276863076592)","('33 <= 0.00', 0.012479106156051679)"
"('12 <= 0.00', 0.03300361423785804)","('8 <= 0.00', 0.02547725250045276)","('31 <= 0.00', 0.0232027853051418)","('30 <= 0.00', 0.01914000148284227)","('17 <= 0.00', 0.017647288499578286)","('25 <= 0.00', 0.016521445886465737)","('37 <= 0.00', 0.015024889410955472)","('57 <= 0.00', -0.014853940569027032)","('13 <= 0.00', -0.014727477034125204)","('29 <= 0.00', 0.013667556873222974)"
"('21 <= 0.00', 0.028675320376826907)","('18 <= 0.00', -0.024975709060440447)","('5 <= 0.00', -0.02463766741190777)","('56 <= 0.00', 0.021200537915863255)","('30 <= 0.00', -0.021051451842573544)","('46 <= 0.00', 0.019922840438793308)","('49 <= 0.00', -0.01966933408462295)","('58 <= 0.00', 0.018394794111186743)","('22 <= 0.00', 0.015123669782288225)","('64 <= 0.00', -0.01475187924871338)"
"('5 <= 0.00', -0.022156601444147214)","('29 <= 0.00', 0.020647845620532075)","('6 <= 0.00', 0.019985724970975022)","('11 <= 0.00', 0.019657285333630304)","('3 <= 0.00', -0.019212047088496033)","('28 <= 0.00', 0.018968171184768623)","('7 <= 0.00', 0.018209500188858127)","('12 <= 0.00', -0.01781762305663827)","('0.00 < 87 <= 37.25', 0.017620098162723884)","('39 <= 0.00', 0.01732330249721821)"
"('8 <= 0.00', 0.019747025981013522)","('13 <= 0.00', 0.018487849204980273)","('4 <= 0.00', 0.01781878029624342)","('0.00 < 94 <= 46.50', 0.016157292445306757)","('40 <= 0.00', -0.016131008044652766)","('18 <= 0.00', 0.016018506130466133)","('11 <= 0.00', -0.014903465569569967)","('51 <= 0.00', -0.014655346342694267)","('22 <= 0.00', 0.013503346795046282)","('9 <= 0.00', 0.012453149828534545)"
"('0 <= 0.00', -0.02710029688549093)","('24 <= 0.00', 0.021521931682318942)","('8 <= 0.00', -0.01969518415543573)","('20 <= 0.00', -0.0175699609113421)","('16 <= 0.00', 0.01733249377508568)","('18 <= 0.00', -0.017330698923742796)","('49 <= 0.00', 0.01599984394725824)","('37 <= 0.00', -0.014007395496347063)","('23 <= 0.00', 0.013817755003828338)","('2 <= 0.00', 0.0134627655630533)"
"('48 <= 0.00', 0.024881338881312467)","('24 <= 0.00', 0.024609931112410444)","('15 <= 0.00', 0.023474029042999563)","('69 <= 0.00', 0.020647858185289268)","('2 <= 0.00', -0.02045380292077478)","('42 <= 0.00', -0.017859768555068555)","('12 <= 0.00', -0.01634922771710404)","('68 <= 0.00', 0.015408255052622437)","('19 <= 0.00', -0.01314617214432179)","('4 <= 0.00', 0.011425133509757284)"
"('0 <= 0.00', -0.02809847774074032)","('39 <= 0.00', 0.022228049239479672)","('15 <= 0.00', -0.020153282299965155)","('4 <= 0.00', 0.018675639723755418)","('17 <= 0.00', 0.017732903881418682)","('21 <= 0.00', 0.0173613315322462)","('43 <= 0.00', 0.017025449798950515)","('26 <= 0.00', 0.016933656261656407)","('19 <= 0.00', 0.016549509252516147)","('1 <= 0.00', -0.016204989007302304)"
"('20 <= 0.00', 0.019154191025282694)","('21 <= 0.00', -0.017917368634771665)","('22 <= 0.00', 0.017112426510194397)","('13 <= 0.00', -0.017099625912544804)","('52 <= 0.00', -0.016331546000897815)","('30 <= 0.00', 0.015989607513794538)","('11 <= 0.00', 0.015788263791915128)","('43 <= 0.00', -0.013784726499359088)","('0 <= 0.00', 0.011738495408382765)","('48 <= 0.00', 0.01135226938970863)"
"('42 <= 0.00', 0.026689114772834057)","('15 <= 0.00', -0.02275402529209466)","('22 <= 0.00', 0.02212828332586667)","('7 <= 0.00', -0.02156803965469333)","('32 <= 0.00', 0.018316616579407516)","('71 <= 0.00', 0.01824847485394041)","('10 <= 0.00', 0.01683701512971952)","('40 <= 0.00', 0.015974612850707923)","('60 <= 0.00', 0.01422186760449234)","('1 <= 0.00', 0.013688588381164648)"
"('56 <= 0.00', 0.023352220880394244)","('33 <= 0.00', -0.020792432015180436)","('0.00 < 87 <= 37.25', 0.019522716102160394)","('10 <= 0.00', 0.018978707466711937)","('0.00 < 93 <= 16.00', 0.017394294045087893)","('28 <= 0.00', -0.016970634162892906)","('36 <= 0.00', 0.0168370523266424)","('13 <= 0.00', -0.015323733803006613)","('23 <= 0.00', -0.014997176246585841)","('34 <= 0.00', -0.013794095227408435)"
"('29 <= 0.00', 0.02225221236386987)","('3 <= 0.00', -0.018499606970541545)","('21 <= 0.00', -0.01730790575542205)","('23 <= 0.00', 0.01569207637158667)","('14 <= 0.00', 0.013862739777706063)","('36 <= 0.00', 0.013620531595504089)","('17 <= 0.00', 0.01354015453843538)","('7 <= 0.00', 0.012983184539146812)","('45 <= 0.00', -0.012791913610221594)","('28 <= 0.00', 0.012766336530019563)"
"('1 <= 0.00', -0.031444372754553196)","('43 <= 0.00', 0.01899758176461048)","('13 <= 0.00', 0.017420883517227623)","('39 <= 0.00', 0.017166993617801957)","('12 <= 0.00', 0.016044866688671423)","('2 <= 0.00', 0.015755878556342664)","('0 <= 0.00', 0.015717133576203517)","('23 <= 0.00', 0.015407240158988315)","('37 <= 0.00', 0.014729943356129383)","('41 <= 0.00', 0.013472506040899692)"
"('40 <= 0.00', -0.038684160399474435)","('34 <= 0.00', 0.023621046974553694)","('4 <= 0.00', 0.02352051028651801)","('10 <= 0.00', -0.021795443706139662)","('9 <= 0.00', -0.020812053965782996)","('42 <= 0.00', -0.01916323636309009)","('1 <= 0.00', 0.018448691324887075)","('23 <= 0.00', -0.018431731610087588)","('22 <= 0.00', 0.017128111868416975)","('12 <= 0.00', -0.016527237349232244)"
"('19 <= 0.00', -0.02227551728381681)","('28 <= 0.00', -0.021234998551638375)","('31 <= 0.00', 0.020081842445250825)","('32 <= 0.00', 0.017584109030993673)","('1 <= 0.00', 0.016176141140128747)","('97 <= 33.50', 0.01583278179920407)","('6 <= 0.00', 0.015370777276051746)","('30 <= 0.00', -0.015036495549802933)","('38 <= 0.00', -0.014403221180307724)","('67 <= 0.00', 0.014167243930012603)"
"('1 <= 0.00', -0.022932136751649936)","('31 <= 0.00', 0.02292320081834849)","('4 <= 0.00', -0.02141370978605107)","('12 <= 0.00', 0.019285045321741096)","('10 <= 0.00', -0.019177660187529685)","('52 <= 0.00', -0.017984149813760175)","('17 <= 0.00', 0.017921522773525368)","('36 <= 0.00', 0.017297495576307158)","('5 <= 0.00', 0.016149616427341182)","('45 <= 0.00', 0.014950884167348933)"
"('41 <= 0.00', 0.02947056848401353)","('9 <= 0.00', -0.023276775680875904)","('56 <= 0.00', 0.020118601743049812)","('74 <= 0.00', 0.01877550061508039)","('61 <= 0.00', 0.017289333955711632)","('8 <= 0.00', 0.016438364382364557)","('11 <= 0.00', -0.015765795447483848)","('43 <= 0.00', -0.015715263350715578)","('17 <= 0.00', 0.015558704231268958)","('95 <= 4.75', -0.013731701919599958)"
"('6 <= 0.00', -0.018853230715622515)","('39 <= 0.00', -0.015170161656743678)","('40 <= 0.00', -0.01485551706394048)","('41 <= 0.00', 0.014821916752063805)","('31 <= 0.00', 0.012509080978453827)","('70 > 0.00', 0.01228707548134023)","('18 <= 0.00', 0.01228214016617765)","('38 <= 0.00', -0.01193167099448363)","('49 <= 0.00', 0.011569699496381411)","('20 <= 0.00', 0.01076221750582579)"
